-- phpMyAdmin SQL Dump
-- version 4.7.7
-- https://www.phpmyadmin.net/
--
-- Host: localhost:3306
-- Generation Time: Oct 30, 2018 at 03:25 PM
-- Server version: 5.6.41
-- PHP Version: 5.6.30

SET SQL_MODE = "NO_AUTO_VALUE_ON_ZERO";
SET AUTOCOMMIT = 0;
START TRANSACTION;
SET time_zone = "+00:00";


/*!40101 SET @OLD_CHARACTER_SET_CLIENT=@@CHARACTER_SET_CLIENT */;
/*!40101 SET @OLD_CHARACTER_SET_RESULTS=@@CHARACTER_SET_RESULTS */;
/*!40101 SET @OLD_COLLATION_CONNECTION=@@COLLATION_CONNECTION */;
/*!40101 SET NAMES utf8mb4 */;

--
-- Database: `nvcffdiq_absen`
--

-- --------------------------------------------------------

--
-- Table structure for table `absen`
--

CREATE TABLE `absen` (
  `id_absen` int(11) NOT NULL,
  `id_karyawan` varchar(10) NOT NULL,
  `waktu` datetime NOT NULL DEFAULT CURRENT_TIMESTAMP,
  `status` varchar(10) NOT NULL,
  `hari` varchar(10) NOT NULL,
  `bulan` varchar(15) NOT NULL,
  `tahun` int(11) NOT NULL
) ENGINE=InnoDB DEFAULT CHARSET=latin1;

--
-- Dumping data for table `absen`
--

INSERT INTO `absen` (`id_absen`, `id_karyawan`, `waktu`, `status`, `hari`, `bulan`, `tahun`) VALUES
(13, 'erna', '2018-09-26 09:07:53', 'in', 'rabu', 'September', 2018),
(14, 'icha', '2018-09-26 09:09:11', 'in', 'rabu', 'September', 2018),
(15, 'erna', '2018-09-26 09:10:08', 'in', 'rabu', 'September', 2018),
(16, 'nurul94', '2018-09-26 09:10:24', 'in', 'rabu', 'September', 2018),
(17, 'icha', '2018-09-26 09:10:45', 'out', 'rabu', 'September', 2018),
(18, 'erna', '2018-09-26 09:11:07', 'out', 'rabu', 'September', 2018),
(19, 'hira', '2018-09-26 16:03:46', 'out', 'rabu', 'September', 2018),
(20, 'hira', '2018-09-26 16:04:14', 'out', 'rabu', 'September', 2018),
(21, 'icha', '2018-09-26 16:04:39', 'out', 'rabu', 'September', 2018),
(22, 'erna', '2018-09-26 16:04:52', 'out', 'rabu', 'September', 2018),
(23, 'nurul94', '2018-09-26 16:05:28', 'out', 'rabu', 'September', 2018),
(24, 'erna', '2018-09-27 07:27:35', 'in', 'kamis', 'September', 2018),
(25, 'hira', '2018-09-27 07:30:11', 'in', 'kamis', 'September', 2018),
(26, 'icha', '2018-09-27 07:36:11', 'in', 'kamis', 'September', 2018),
(27, 'nurul94', '2018-09-27 09:50:43', 'in', 'kamis', 'September', 2018),
(28, 'hira', '2018-09-27 16:05:18', 'out', 'kamis', 'September', 2018),
(29, 'icha', '2018-09-27 16:05:40', 'out', 'kamis', 'September', 2018),
(30, 'nurul94', '2018-09-27 16:05:59', 'out', 'kamis', 'September', 2018),
(31, 'erna', '2018-09-27 16:06:03', 'out', 'kamis', 'September', 2018),
(32, 'erna', '2018-09-28 07:25:04', 'in', 'jumat', 'September', 2018),
(33, 'nurul94', '2018-09-28 07:25:48', 'in', 'jumat', 'September', 2018),
(34, 'nurul94', '2018-09-28 07:25:57', 'in', 'jumat', 'September', 2018),
(35, 'hira', '2018-09-28 07:28:05', 'in', 'jumat', 'September', 2018),
(36, 'icha', '2018-09-28 07:30:14', 'in', 'jumat', 'September', 2018),
(37, 'erna', '2018-09-28 16:06:32', 'out', 'jumat', 'September', 2018),
(38, 'icha', '2018-09-28 16:08:24', 'in', 'jumat', 'September', 2018),
(39, 'hira', '2018-09-28 16:08:53', 'out', 'jumat', 'September', 2018),
(40, 'nurul94', '2018-09-29 07:53:31', 'in', 'sabtu', 'September', 2018),
(41, 'icha', '2018-09-29 07:53:39', 'in', 'sabtu', 'September', 2018),
(42, 'icha', '2018-09-29 07:53:59', 'in', 'sabtu', 'September', 2018),
(43, 'hira', '2018-10-01 07:26:05', 'in', 'senin', 'October', 2018),
(44, 'nurul94', '2018-10-01 07:28:52', 'in', 'senin', 'October', 2018),
(45, 'erna', '2018-10-01 07:28:57', 'in', 'senin', 'October', 2018),
(46, 'nurul94', '2018-10-01 07:28:59', 'in', 'senin', 'October', 2018),
(47, 'mahsyar', '2018-10-01 07:28:57', 'in', 'senin', 'October', 2018),
(48, 'mahsyar', '2018-10-01 10:33:05', 'out', 'senin', 'October', 2018),
(49, 'mahsyar', '2018-10-01 07:28:38', 'in', 'senin', 'October', 2018),
(50, 'erna', '2018-10-01 16:05:34', 'out', 'senin', 'October', 2018),
(51, 'icha', '2018-10-01 16:06:08', 'out', 'senin', 'October', 2018),
(52, 'nurul94', '2018-10-01 16:06:25', 'out', 'senin', 'October', 2018),
(53, 'hira', '2018-10-01 16:06:40', 'out', 'senin', 'October', 2018),
(54, 'nurul94', '2018-10-02 07:24:26', 'in', 'selasa', 'October', 2018),
(55, 'nurul94', '2018-10-02 07:24:31', 'in', 'selasa', 'October', 2018),
(56, 'erna', '2018-10-02 07:26:00', 'in', 'selasa', 'October', 2018),
(57, 'icha', '2018-10-02 07:29:17', 'in', 'selasa', 'October', 2018),
(58, 'hira', '2018-10-02 07:29:23', 'in', 'selasa', 'October', 2018),
(59, 'erna', '2018-10-02 15:44:34', 'out', 'selasa', 'October', 2018),
(60, 'erna', '2018-10-03 07:27:04', 'in', 'rabu', 'October', 2018),
(61, 'nurul94', '2018-10-03 07:28:38', 'in', 'rabu', 'October', 2018),
(62, 'Icha', '2018-10-03 07:28:52', 'in', 'rabu', 'October', 2018),
(63, 'hira', '2018-10-03 07:29:15', 'in', 'rabu', 'October', 2018),
(64, 'hira', '2018-10-03 16:06:31', 'out', 'rabu', 'October', 2018),
(65, 'erna', '2018-10-03 16:11:52', 'out', 'rabu', 'October', 2018),
(66, 'icha', '2018-10-03 16:28:02', 'out', 'rabu', 'October', 2018),
(67, 'nurul94', '2018-10-03 17:07:34', 'out', 'rabu', 'October', 2018),
(68, 'nurul94', '2018-10-03 17:07:41', 'out', 'rabu', 'October', 2018),
(69, 'hira', '2018-10-04 07:25:24', 'in', 'kamis', 'October', 2018),
(70, 'erna', '2018-10-04 07:26:15', 'in', 'kamis', 'October', 2018),
(71, 'Nurul94', '2018-10-04 07:26:37', 'in', 'kamis', 'October', 2018),
(72, 'mahsyar', '2018-10-04 07:26:42', 'in', 'kamis', 'October', 2018),
(73, 'Icha', '2018-10-04 07:26:56', 'in', 'kamis', 'October', 2018),
(74, 'erna', '2018-10-04 16:05:58', 'out', 'kamis', 'October', 2018),
(75, 'nurul94', '2018-10-04 16:06:00', 'out', 'kamis', 'October', 2018),
(76, 'nurul94', '2018-10-04 16:06:05', 'out', 'kamis', 'October', 2018),
(77, 'Icha', '2018-10-04 16:06:13', 'out', 'kamis', 'October', 2018),
(78, 'hira', '2018-10-04 16:09:27', 'out', 'kamis', 'October', 2018),
(79, 'mahsyar', '2018-10-05 07:23:01', 'in', 'jumat', 'October', 2018),
(80, 'hira', '2018-10-05 07:24:25', 'in', 'jumat', 'October', 2018),
(81, 'erna', '2018-10-05 07:25:41', 'in', 'jumat', 'October', 2018),
(82, 'nurul94', '2018-10-05 07:26:07', 'in', 'jumat', 'October', 2018),
(83, 'Icha', '2018-10-05 07:28:00', 'in', 'jumat', 'October', 2018),
(84, 'mahsyar', '2018-10-05 07:23:42', 'in', 'jumat', 'October', 2018),
(85, 'mahsyar', '2018-10-05 16:01:06', 'out', 'jumat', 'October', 2018),
(86, 'icha', '2018-10-05 16:01:10', 'out', 'jumat', 'October', 2018),
(87, 'icha', '2018-10-05 16:01:21', 'out', 'jumat', 'October', 2018),
(88, 'Nurul94', '2018-10-05 16:01:22', 'out', 'jumat', 'October', 2018),
(89, 'icha', '2018-10-05 16:01:28', 'out', 'jumat', 'October', 2018),
(90, 'erna', '2018-10-05 16:01:33', 'out', 'jumat', 'October', 2018),
(91, 'hira', '2018-10-05 16:01:40', 'out', 'jumat', 'October', 2018),
(92, 'Icha', '2018-10-06 07:31:17', 'in', 'sabtu', 'October', 2018),
(93, 'mahsyar', '2018-10-06 07:40:52', 'in', 'sabtu', 'October', 2018),
(94, 'erna', '2018-10-06 07:44:00', 'in', 'sabtu', 'October', 2018),
(95, 'hira', '2018-10-06 07:58:00', 'in', 'sabtu', 'October', 2018),
(96, 'hira', '2018-10-06 15:03:05', 'out', 'sabtu', 'October', 2018),
(97, 'erna', '2018-10-06 15:03:35', 'out', 'sabtu', 'October', 2018),
(98, 'mahsyar', '2018-10-06 15:03:49', 'out', 'sabtu', 'October', 2018),
(99, 'Icha', '2018-10-06 15:04:13', 'out', 'sabtu', 'October', 2018),
(100, 'nurul94', '2018-10-06 15:04:52', 'out', 'sabtu', 'October', 2018),
(101, 'nurul94', '2018-10-06 15:05:01', 'out', 'sabtu', 'October', 2018),
(102, 'erna', '2018-10-08 07:24:22', 'in', 'senin', 'October', 2018),
(103, 'nurul94', '2018-10-08 07:25:24', 'in', 'senin', 'October', 2018),
(104, 'hira', '2018-10-08 07:26:05', 'out', 'senin', 'October', 2018),
(105, 'hira', '2018-10-08 07:26:25', 'in', 'senin', 'October', 2018),
(106, 'mahsyar', '2018-10-08 07:29:07', 'in', 'senin', 'October', 2018),
(107, 'icha', '2018-10-08 07:28:09', 'in', 'senin', 'October', 2018),
(108, 'firman', '2018-10-08 10:54:11', 'in', 'senin', 'October', 2018),
(109, 'firman', '2018-10-08 10:55:26', 'in', 'senin', 'October', 2018),
(110, 'firman', '2018-10-08 11:46:08', 'in', 'senin', 'October', 2018),
(111, 'firman', '2018-10-08 11:48:24', 'in', 'senin', 'October', 2018),
(112, 'firman', '2018-10-08 11:51:48', 'in', 'senin', 'October', 2018),
(113, 'firman', '2018-10-08 11:52:42', 'in', 'senin', 'October', 2018),
(114, 'firman', '2018-10-08 11:54:17', 'in', 'senin', 'October', 2018),
(115, 'firman', '2018-10-08 13:29:50', 'in', 'senin', 'October', 2018),
(116, 'firman', '2018-10-08 13:43:21', 'in', 'senin', 'October', 2018),
(117, 'firman', '2018-10-08 14:10:22', 'in', 'senin', 'October', 2018),
(118, 'firman', '2018-10-08 15:24:52', 'in', 'senin', 'October', 2018),
(119, 'mahsyar', '2018-10-08 16:03:50', 'out', 'senin', 'October', 2018),
(120, 'firman', '2018-10-08 16:04:01', 'in', 'senin', 'October', 2018),
(121, 'hira', '2018-10-08 16:12:34', 'out', 'senin', 'October', 2018),
(122, 'erna', '2018-10-08 16:12:45', 'out', 'senin', 'October', 2018),
(123, 'Icha', '2018-10-08 16:26:21', 'out', 'senin', 'October', 2018),
(124, 'nurul94', '2018-10-08 16:26:23', 'out', 'senin', 'October', 2018),
(125, 'nurul94', '2018-10-08 16:26:27', 'out', 'senin', 'October', 2018),
(126, 'Icha', '2018-10-09 07:26:44', 'in', 'selasa', 'October', 2018),
(127, 'hira', '2018-10-09 07:26:46', 'in', 'selasa', 'October', 2018),
(128, 'erna', '2018-10-09 07:27:41', 'in', 'selasa', 'October', 2018),
(129, 'mahsyar', '2018-10-09 07:28:02', 'in', 'selasa', 'October', 2018),
(130, 'nurul94', '2018-10-09 07:28:49', 'in', 'selasa', 'October', 2018),
(131, 'nurul94', '2018-10-09 15:37:25', 'out', 'selasa', 'October', 2018),
(132, 'nurul94', '2018-10-09 15:37:32', 'out', 'selasa', 'October', 2018),
(133, 'nurul94', '2018-10-09 15:37:38', 'out', 'selasa', 'October', 2018),
(134, 'nurul94', '2018-10-09 15:37:41', 'out', 'selasa', 'October', 2018),
(135, 'nurul94', '2018-10-09 15:37:44', 'out', 'selasa', 'October', 2018),
(136, 'nurul94', '2018-10-09 15:37:53', 'out', 'selasa', 'October', 2018),
(137, 'hira', '2018-10-09 15:40:00', 'out', 'selasa', 'October', 2018),
(138, 'erna', '2018-10-09 15:40:59', 'out', 'selasa', 'October', 2018),
(139, 'icha', '2018-10-09 15:41:10', 'out', 'selasa', 'October', 2018),
(140, 'mahsyar', '2018-10-09 15:41:30', 'out', 'selasa', 'October', 2018),
(141, 'Icha', '2018-10-10 07:23:44', 'in', 'rabu', 'October', 2018),
(142, 'erna', '2018-10-10 07:24:19', 'in', 'rabu', 'October', 2018),
(143, 'mahsyar', '2018-10-10 07:27:31', 'in', 'rabu', 'October', 2018),
(144, 'hira', '2018-10-10 07:28:22', 'in', 'rabu', 'October', 2018),
(145, 'nurul94', '2018-10-10 07:28:53', 'out', 'rabu', 'October', 2018),
(146, 'nurul94', '2018-10-10 07:28:56', 'in', 'rabu', 'October', 2018),
(147, 'mahsyar', '2018-10-10 16:01:29', 'out', 'rabu', 'October', 2018),
(148, 'nurul94', '2018-10-10 16:01:52', 'out', 'rabu', 'October', 2018),
(149, 'nurul94', '2018-10-10 16:01:59', 'out', 'rabu', 'October', 2018),
(150, 'nurul94', '2018-10-10 16:02:03', 'out', 'rabu', 'October', 2018),
(151, 'Icha', '2018-10-10 16:02:06', 'out', 'rabu', 'October', 2018),
(152, 'hira', '2018-10-10 16:02:16', 'out', 'rabu', 'October', 2018),
(153, 'erna', '2018-10-10 16:02:47', 'out', 'rabu', 'October', 2018),
(154, 'Icha', '2018-10-11 07:24:54', 'in', 'kamis', 'October', 2018),
(155, 'Erna', '2018-10-11 07:27:58', 'in', 'kamis', 'October', 2018),
(156, 'Mahsyar', '2018-10-11 07:28:22', 'in', 'kamis', 'October', 2018),
(157, 'hira', '2018-10-11 07:28:55', 'in', 'kamis', 'October', 2018),
(158, 'nurul94', '2018-10-11 07:29:16', 'out', 'kamis', 'October', 2018),
(159, 'nurul94', '2018-10-11 07:29:20', 'in', 'kamis', 'October', 2018),
(160, 'hira', '2018-10-11 16:04:31', 'out', 'kamis', 'October', 2018),
(161, 'hira', '2018-10-11 16:04:49', 'out', 'kamis', 'October', 2018),
(162, 'erna', '2018-10-11 16:05:49', 'out', 'kamis', 'October', 2018),
(163, 'Icha', '2018-10-11 16:21:34', 'out', 'kamis', 'October', 2018),
(164, 'nurul94', '2018-10-11 16:24:08', 'out', 'kamis', 'October', 2018),
(165, 'nurul94', '2018-10-11 16:24:13', 'out', 'kamis', 'October', 2018),
(166, 'erna', '2018-10-12 07:26:59', 'in', 'jumat', 'October', 2018),
(167, 'Icha', '2018-10-12 07:27:23', 'in', 'jumat', 'October', 2018),
(168, 'hira', '2018-10-12 07:28:23', 'in', 'jumat', 'October', 2018),
(169, 'nurul94', '2018-10-12 07:29:10', 'out', 'jumat', 'October', 2018),
(170, 'nurul94', '2018-10-12 07:29:15', 'in', 'jumat', 'October', 2018),
(171, 'hira', '2018-10-12 16:07:19', 'out', 'jumat', 'October', 2018),
(172, 'Erna', '2018-10-12 16:08:34', 'out', 'jumat', 'October', 2018),
(173, 'nurul94', '2018-10-12 16:10:19', 'out', 'jumat', 'October', 2018),
(174, 'Icha', '2018-10-12 16:12:26', 'out', 'jumat', 'October', 2018),
(175, 'Erna', '2018-10-13 07:46:25', 'in', 'sabtu', 'October', 2018),
(176, 'Icha', '2018-10-13 07:47:16', 'in', 'sabtu', 'October', 2018),
(177, 'hira', '2018-10-13 07:57:01', 'in', 'sabtu', 'October', 2018),
(178, 'nurul94', '2018-10-13 15:04:02', 'out', 'sabtu', 'October', 2018),
(179, 'erna', '2018-10-13 15:06:38', 'out', 'sabtu', 'October', 2018),
(180, 'hira', '2018-10-13 15:19:18', 'out', 'sabtu', 'October', 2018),
(181, 'icha', '2018-10-13 15:31:56', 'out', 'sabtu', 'October', 2018),
(182, 'Erna', '2018-10-15 07:21:02', 'in', 'senin', 'October', 2018),
(183, 'mahsyar', '2018-10-15 07:26:09', 'in', 'senin', 'October', 2018),
(184, 'nurul94', '2018-10-15 07:28:11', 'out', 'senin', 'October', 2018),
(185, 'hira', '2018-10-15 07:28:14', 'in', 'senin', 'October', 2018),
(186, 'firman', '2018-10-15 13:16:40', 'in', 'senin', 'October', 2018),
(187, 'firman', '2018-10-15 13:21:47', 'in', 'senin', 'October', 2018),
(188, 'firman', '2018-10-15 14:04:44', 'in', 'senin', 'October', 2018),
(190, 'mahsyar', '2018-10-15 16:03:55', 'out', 'senin', 'October', 2018),
(191, 'nurul94', '2018-10-15 16:05:08', 'out', 'senin', 'October', 2018),
(192, 'Erna', '2018-10-15 16:06:07', 'out', 'senin', 'October', 2018),
(193, 'hira', '2018-10-15 16:17:57', 'out', 'senin', 'October', 2018),
(194, 'Mahsyar', '2018-10-15 20:08:23', 'out', 'senin', 'October', 2018),
(195, 'Icha', '2018-10-16 07:29:02', 'in', 'selasa', 'October', 2018),
(196, 'erna', '2018-10-16 07:29:35', 'in', 'selasa', 'October', 2018),
(197, 'nurul94', '2018-10-16 07:30:14', 'in', 'selasa', 'October', 2018),
(198, 'Mahsyar', '2018-10-16 07:30:19', 'in', 'selasa', 'October', 2018),
(199, 'hira', '2018-10-16 07:30:31', 'in', 'selasa', 'October', 2018),
(200, 'mahsyar', '2018-10-16 07:50:05', 'out', 'selasa', 'October', 2018),
(201, 'erna', '2018-10-16 16:07:04', 'out', 'selasa', 'October', 2018),
(202, 'nurul94', '2018-10-16 16:14:51', 'in', 'selasa', 'October', 2018),
(203, 'nurul94', '2018-10-16 16:14:56', 'out', 'selasa', 'October', 2018),
(204, 'hira', '2018-10-16 16:15:12', 'in', 'selasa', 'October', 2018),
(205, 'hira', '2018-10-16 16:15:29', 'out', 'selasa', 'October', 2018),
(206, 'Mahsyar', '2018-10-16 16:15:45', 'out', 'selasa', 'October', 2018),
(207, 'Icha', '2018-10-16 16:21:04', 'out', 'selasa', 'October', 2018),
(208, 'hira', '2018-10-17 07:26:27', 'in', 'rabu', 'October', 2018),
(209, 'Erna', '2018-10-17 07:27:20', 'in', 'rabu', 'October', 2018),
(210, 'nurul94', '2018-10-17 07:27:48', 'in', 'rabu', 'October', 2018),
(211, 'mahsyar', '2018-10-17 07:28:12', 'in', 'rabu', 'October', 2018),
(212, 'icha', '2018-10-17 07:29:03', 'in', 'rabu', 'October', 2018),
(213, 'erna', '2018-10-17 16:04:31', 'in', 'rabu', 'October', 2018),
(214, 'Erna', '2018-10-17 16:04:41', 'out', 'rabu', 'October', 2018),
(215, 'nurul94', '2018-10-17 16:05:12', 'out', 'rabu', 'October', 2018),
(216, 'Icha', '2018-10-17 16:05:14', 'out', 'rabu', 'October', 2018),
(217, 'Erna', '2018-10-18 07:26:34', 'in', 'kamis', 'October', 2018),
(218, 'Icha', '2018-10-18 07:26:58', 'in', 'kamis', 'October', 2018),
(219, 'nurul94', '2018-10-18 07:30:26', 'out', 'kamis', 'October', 2018),
(220, 'nurul94', '2018-10-18 07:30:31', 'in', 'kamis', 'October', 2018),
(221, 'mahsyar', '2018-10-18 07:30:32', 'in', 'kamis', 'October', 2018),
(222, 'firman', '2018-10-18 08:31:26', 'in', 'kamis', 'October', 2018),
(223, 'firman', '2018-10-18 08:36:19', 'in', 'kamis', 'October', 2018),
(224, 'hira', '2018-10-18 15:59:06', 'in', 'kamis', 'October', 2018),
(225, 'mahsyar', '2018-10-18 16:01:51', 'out', 'kamis', 'October', 2018),
(226, 'Erna', '2018-10-18 16:04:10', 'out', 'kamis', 'October', 2018),
(227, 'Icha', '2018-10-18 16:06:03', 'out', 'kamis', 'October', 2018),
(228, 'nurul94', '2018-10-18 16:06:06', 'out', 'kamis', 'October', 2018),
(229, 'nurul94', '2018-10-19 07:26:28', 'in', 'jumat', 'October', 2018),
(230, 'Erna', '2018-10-19 07:27:01', 'in', 'jumat', 'October', 2018),
(231, 'Mahsyar', '2018-10-19 07:28:41', 'in', 'jumat', 'October', 2018),
(232, 'hira', '2018-10-19 07:29:40', 'in', 'jumat', 'October', 2018),
(233, 'erna', '2018-10-19 16:06:04', 'out', 'jumat', 'October', 2018),
(234, 'nurul94', '2018-10-19 16:08:00', 'out', 'jumat', 'October', 2018),
(235, 'nurul94', '2018-10-19 16:08:06', 'out', 'jumat', 'October', 2018),
(236, 'mahsyar', '2018-10-19 16:08:25', 'out', 'jumat', 'October', 2018),
(237, 'mahsyar', '2018-10-20 07:42:12', 'in', 'sabtu', 'October', 2018),
(238, 'hira', '2018-10-20 07:57:52', 'in', 'sabtu', 'October', 2018),
(239, 'icha', '2018-10-20 07:58:02', 'in', 'sabtu', 'October', 2018),
(240, 'hira', '2018-10-20 15:01:56', 'out', 'sabtu', 'October', 2018),
(241, 'mahsyar', '2018-10-20 15:02:48', 'out', 'sabtu', 'October', 2018),
(242, 'Erna', '2018-10-22 07:27:33', 'in', 'senin', 'October', 2018),
(243, 'Icha', '2018-10-22 07:27:43', 'in', 'senin', 'October', 2018),
(244, 'hira', '2018-10-22 07:27:59', 'in', 'senin', 'October', 2018),
(245, 'nurul94', '2018-10-22 07:29:52', 'in', 'senin', 'October', 2018),
(246, 'Erna', '2018-10-22 16:06:35', 'out', 'senin', 'October', 2018),
(247, 'nurul94', '2018-10-22 16:07:46', 'out', 'senin', 'October', 2018),
(248, 'Icha', '2018-10-22 16:08:06', 'out', 'senin', 'October', 2018),
(249, 'hira', '2018-10-22 16:08:14', 'out', 'senin', 'October', 2018),
(250, 'Erna', '2018-10-23 07:24:13', 'in', 'selasa', 'October', 2018),
(251, 'Mahsyar', '2018-10-23 07:25:36', 'in', 'selasa', 'October', 2018),
(252, 'Icha', '2018-10-23 07:27:28', 'in', 'selasa', 'October', 2018),
(253, 'nurul94', '2018-10-23 07:27:32', 'in', 'selasa', 'October', 2018),
(254, 'hira', '2018-10-23 07:28:20', 'in', 'selasa', 'October', 2018),
(255, 'mahsyar', '2018-10-23 16:00:19', 'out', 'selasa', 'October', 2018),
(256, 'Erna', '2018-10-23 16:01:44', 'out', 'selasa', 'October', 2018),
(257, 'Icha', '2018-10-23 16:02:17', 'out', 'selasa', 'October', 2018),
(258, 'hira', '2018-10-23 16:02:52', 'out', 'selasa', 'October', 2018),
(259, 'nurul94', '2018-10-23 16:06:01', 'out', 'selasa', 'October', 2018),
(260, 'Erna', '2018-10-24 07:25:02', 'in', 'rabu', 'October', 2018),
(261, 'Nurul94', '2018-10-24 07:26:04', 'in', 'rabu', 'October', 2018),
(262, 'Mahsyar', '2018-10-24 07:26:12', 'in', 'rabu', 'October', 2018),
(263, 'hira', '2018-10-24 07:27:15', 'in', 'rabu', 'October', 2018),
(264, 'Icha', '2018-10-24 07:30:34', 'in', 'rabu', 'October', 2018),
(265, 'Icha', '2018-10-24 07:30:45', 'in', 'rabu', 'October', 2018),
(266, 'erna', '2018-10-24 16:11:55', 'out', 'rabu', 'October', 2018),
(267, 'Icha', '2018-10-24 16:14:13', 'out', 'rabu', 'October', 2018),
(268, 'nurul94', '2018-10-24 16:14:33', 'out', 'rabu', 'October', 2018),
(269, 'hira', '2018-10-24 16:16:18', 'out', 'rabu', 'October', 2018),
(270, 'nurul94', '2018-10-25 07:24:51', 'in', 'kamis', 'October', 2018),
(271, 'Erna', '2018-10-25 07:27:19', 'in', 'kamis', 'October', 2018),
(272, 'Icha', '2018-10-25 07:27:42', 'in', 'kamis', 'October', 2018),
(273, 'hira', '2018-10-25 07:28:20', 'in', 'kamis', 'October', 2018),
(274, 'hira', '2018-10-25 16:01:11', 'out', 'kamis', 'October', 2018),
(275, 'Icha', '2018-10-25 16:01:21', 'out', 'kamis', 'October', 2018),
(276, 'nurul94', '2018-10-25 16:01:22', 'out', 'kamis', 'October', 2018),
(277, 'mahsyar', '2018-10-25 16:02:35', 'out', 'kamis', 'October', 2018),
(278, 'erna', '2018-10-25 16:02:44', 'out', 'kamis', 'October', 2018),
(279, 'Icha', '2018-10-26 07:25:41', 'in', 'jumat', 'October', 2018),
(280, 'Erna', '2018-10-26 07:26:35', 'in', 'jumat', 'October', 2018),
(281, 'nurul94', '2018-10-26 07:29:30', 'in', 'jumat', 'October', 2018),
(282, 'hira', '2018-10-26 07:29:31', 'in', 'jumat', 'October', 2018),
(283, 'mahsyar', '2018-10-26 07:28:11', 'in', 'jumat', 'October', 2018),
(284, 'Erna', '2018-10-26 16:11:57', 'out', 'jumat', 'October', 2018),
(285, 'nurul94', '2018-10-26 16:23:08', 'out', 'jumat', 'October', 2018),
(286, 'mahsyar', '2018-10-26 16:52:38', 'out', 'jumat', 'October', 2018),
(287, 'mahsyar', '2018-10-27 07:36:59', 'in', 'sabtu', 'October', 2018),
(288, 'Erna', '2018-10-27 07:45:39', 'in', 'sabtu', 'October', 2018),
(289, 'nurul94', '2018-10-27 07:57:00', 'in', 'sabtu', 'October', 2018),
(290, 'Erna', '2018-10-27 15:04:57', 'out', 'sabtu', 'October', 2018),
(291, 'nurul94', '2018-10-27 15:05:15', 'out', 'sabtu', 'October', 2018),
(292, 'Erna', '2018-10-29 07:27:42', 'in', 'senin', 'October', 2018),
(293, 'hira', '2018-10-29 07:29:48', 'in', 'senin', 'October', 2018),
(294, 'mahsyar', '2018-10-29 07:29:03', 'in', 'senin', 'October', 2018),
(295, 'icha', '2018-10-29 07:29:01', 'in', 'senin', 'October', 2018),
(297, 'nurul94', '2018-10-29 09:29:01', 'in', 'senin', 'October', 2018),
(298, 'firman', '2018-10-29 15:46:11', 'in', 'senin', 'October', 2018),
(299, 'mahsyar', '2018-10-29 16:02:35', 'out', 'senin', 'October', 2018),
(300, 'Erna', '2018-10-29 16:03:47', 'out', 'senin', 'October', 2018),
(301, 'hira', '2018-10-29 16:15:25', 'out', 'senin', 'October', 2018),
(302, 'Icha', '2018-10-29 16:17:12', 'out', 'senin', 'October', 2018),
(303, 'Icha', '2018-10-29 16:17:20', 'out', 'senin', 'October', 2018),
(304, 'nurul94', '2018-10-29 16:33:54', 'in', 'senin', 'October', 2018),
(305, 'nurul94', '2018-10-29 16:33:58', 'out', 'senin', 'October', 2018),
(306, 'Icha', '2018-10-30 07:22:28', 'in', 'selasa', 'October', 2018),
(307, 'Erna', '2018-10-30 07:26:06', 'in', 'selasa', 'October', 2018),
(308, 'nurul94', '2018-10-30 07:27:31', 'in', 'selasa', 'October', 2018),
(309, 'hira', '2018-10-30 07:29:23', 'out', 'selasa', 'October', 2018),
(310, 'hira', '2018-10-30 07:29:38', 'in', 'selasa', 'October', 2018),
(311, 'mahsyar', '2018-10-30 07:29:15', 'in', 'selasa', 'October', 2018),
(312, 'firman', '2018-10-30 15:00:54', 'in', 'selasa', 'October', 2018);

-- --------------------------------------------------------

--
-- Table structure for table `karyawan`
--

CREATE TABLE `karyawan` (
  `id_karyawan` varchar(10) NOT NULL,
  `nama` varchar(100) NOT NULL,
  `alamat` text NOT NULL,
  `no_telepon` varchar(15) NOT NULL,
  `jabatan` varchar(40) NOT NULL,
  `foto` varchar(255) NOT NULL
) ENGINE=InnoDB DEFAULT CHARSET=latin1;

--
-- Dumping data for table `karyawan`
--

INSERT INTO `karyawan` (`id_karyawan`, `nama`, `alamat`, `no_telepon`, `jabatan`, `foto`) VALUES
('erna', 'Erna Febriana', '', '', 'Pajak', 'foto-erna1.jpg'),
('firman', 'firmansyah', 'Jalan Persahabatan VI no 6', 'xxxx-xxxx-xxxx', 'CEO', ''),
('hira', 'Hira Yiyi Thanty', '', '', 'Admin', 'foto-hira1.jpg'),
('icha', 'Anisa', '', '', 'Keuangan', 'foto-icha1.jpg'),
('mahsyar', 'Malmahsyar', 'jalan kelapa dua wetan III no 29 RT 06/Rw 01 Ciracas, Jakarta Timur', '0856-xxxx-xxxx', 'Webmaster', 'foto-mal1.jpg'),
('nurul94', 'Nurul Hikmah', '', '', 'admin', 'foto-nurul1.jpg');

-- --------------------------------------------------------

--
-- Table structure for table `log`
--

CREATE TABLE `log` (
  `id_log` int(11) NOT NULL,
  `id_karyawan` varchar(10) NOT NULL,
  `time` datetime NOT NULL DEFAULT CURRENT_TIMESTAMP,
  `ip` varchar(10) NOT NULL,
  `status` varchar(10) NOT NULL
) ENGINE=MyISAM DEFAULT CHARSET=latin1;

--
-- Dumping data for table `log`
--

INSERT INTO `log` (`id_log`, `id_karyawan`, `time`, `ip`, `status`) VALUES
(1, 'mahsyar', '2018-10-01 10:19:58', '111.95.84.', 'sukses'),
(2, 'mahsyar', '2018-10-01 10:33:05', '111.95.84.', 'sukses'),
(3, 'mahsyar', '2018-10-01 10:34:38', '111.95.84.', 'sukses'),
(4, 'erna', '2018-10-01 16:05:35', '111.95.84.', 'sukses'),
(5, 'icha', '2018-10-01 16:06:08', '111.95.84.', 'sukses'),
(6, 'nurul94', '2018-10-01 16:06:25', '111.95.84.', 'sukses'),
(7, 'hira', '2018-10-01 16:06:40', '111.95.84.', 'sukses'),
(8, 'nurul94', '2018-10-02 07:24:26', '116.206.29', 'sukses'),
(9, 'nurul94', '2018-10-02 07:24:31', '116.206.29', 'sukses'),
(10, 'erna', '2018-10-02 07:26:00', '139.192.13', 'sukses'),
(11, 'icha', '2018-10-02 07:31:17', '116.206.29', 'sukses'),
(12, 'hira', '2018-10-02 07:33:23', '139.192.13', 'sukses'),
(13, 'erna', '2018-10-02 15:44:34', '139.192.13', 'sukses'),
(14, 'erna', '2018-10-03 07:27:04', '111.95.204', 'sukses'),
(15, 'nurul94', '2018-10-03 07:28:38', '111.95.204', 'sukses'),
(16, 'Icha', '2018-10-03 07:28:52', '111.95.204', 'sukses'),
(17, 'hira', '2018-10-03 07:29:15', '111.95.204', 'sukses'),
(18, 'hira', '2018-10-03 16:06:31', '111.95.204', 'sukses'),
(19, 'erna', '2018-10-03 16:11:52', '111.95.204', 'sukses'),
(20, 'icha', '2018-10-03 16:28:02', '111.95.204', 'sukses'),
(21, 'nurul94', '2018-10-03 17:07:34', '111.95.204', 'sukses'),
(22, 'nurul94', '2018-10-03 17:07:41', '111.95.204', 'sukses'),
(23, 'hira', '2018-10-04 07:25:24', '120.188.94', 'sukses'),
(24, 'erna', '2018-10-04 07:26:15', '111.95.205', 'sukses'),
(25, 'Nurul94', '2018-10-04 07:26:37', '111.95.205', 'sukses'),
(26, 'mahsyar', '2018-10-04 07:26:42', '111.95.205', 'sukses'),
(27, 'Icha', '2018-10-04 07:26:56', '111.95.205', 'sukses'),
(28, 'erna', '2018-10-04 16:05:58', '111.95.205', 'sukses'),
(29, 'nurul94', '2018-10-04 16:06:00', '111.95.205', 'sukses'),
(30, 'nurul94', '2018-10-04 16:06:05', '111.95.205', 'sukses'),
(31, 'Icha', '2018-10-04 16:06:13', '111.95.205', 'sukses'),
(32, 'hira', '2018-10-04 16:09:27', '111.95.205', 'sukses'),
(33, 'mahsyar', '2018-10-05 07:23:01', '111.95.205', 'sukses'),
(34, 'hira', '2018-10-05 07:24:25', '111.95.205', 'sukses'),
(35, 'erna', '2018-10-05 07:25:41', '111.95.205', 'sukses'),
(36, 'nurul94', '2018-10-05 07:26:07', '111.95.205', 'sukses'),
(37, 'Icha', '2018-10-05 07:28:00', '111.95.205', 'sukses'),
(38, 'mahsyar', '2018-10-05 07:46:42', '111.95.205', 'sukses'),
(39, 'mahsyar', '2018-10-05 16:01:06', '111.95.205', 'sukses'),
(40, 'icha', '2018-10-05 16:01:10', '111.95.205', 'sukses'),
(41, 'icha', '2018-10-05 16:01:21', '111.95.205', 'sukses'),
(42, 'Nurul94', '2018-10-05 16:01:22', '111.95.205', 'sukses'),
(43, 'icha', '2018-10-05 16:01:28', '111.95.205', 'sukses'),
(44, 'erna', '2018-10-05 16:01:33', '111.95.205', 'sukses'),
(45, 'hira', '2018-10-05 16:01:40', '111.95.205', 'sukses'),
(46, 'Icha', '2018-10-06 07:31:17', '111.95.85.', 'sukses'),
(47, 'mahsyar', '2018-10-06 07:40:52', '111.95.85.', 'sukses'),
(48, 'erna', '2018-10-06 07:44:00', '111.95.85.', 'sukses'),
(49, 'hira', '2018-10-06 07:58:00', '111.95.85.', 'sukses'),
(50, 'hira', '2018-10-06 15:03:05', '111.95.85.', 'sukses'),
(51, 'erna', '2018-10-06 15:03:35', '111.95.85.', 'sukses'),
(52, 'mahsyar', '2018-10-06 15:03:49', '111.95.85.', 'sukses'),
(53, 'Icha', '2018-10-06 15:04:13', '111.95.85.', 'sukses'),
(54, 'nurul94', '2018-10-06 15:04:52', '111.95.85.', 'sukses'),
(55, 'nurul94', '2018-10-06 15:05:01', '111.95.85.', 'sukses'),
(56, 'erna', '2018-10-08 07:24:22', '111.95.194', 'sukses'),
(57, 'nurul94', '2018-10-08 07:25:24', '111.95.194', 'sukses'),
(58, 'hira', '2018-10-08 07:26:05', '111.95.194', 'sukses'),
(59, 'hira', '2018-10-08 07:26:25', '111.95.194', 'sukses'),
(60, 'mahsyar', '2018-10-08 07:31:07', '111.95.194', 'sukses'),
(61, 'Icha', '2018-10-08 07:31:09', '111.95.194', 'sukses'),
(62, 'firman', '2018-10-08 10:54:11', '111.95.194', 'sukses'),
(63, 'firman', '2018-10-08 10:55:26', '111.95.194', 'sukses'),
(64, 'firman', '2018-10-08 11:46:08', '111.95.194', 'sukses'),
(65, 'firman', '2018-10-08 11:48:24', '111.95.194', 'sukses'),
(66, 'firman', '2018-10-08 11:51:48', '111.95.194', 'sukses'),
(67, 'firman', '2018-10-08 11:52:42', '111.95.194', 'sukses'),
(68, 'firman', '2018-10-08 11:54:17', '111.95.194', 'sukses'),
(69, 'firman', '2018-10-08 13:29:50', '111.95.194', 'sukses'),
(70, 'firman', '2018-10-08 13:43:21', '111.95.194', 'sukses'),
(71, 'firman', '2018-10-08 14:10:22', '111.95.194', 'sukses'),
(72, 'firman', '2018-10-08 15:24:52', '111.95.194', 'sukses'),
(73, 'mahsyar', '2018-10-08 16:03:50', '111.95.194', 'sukses'),
(74, 'firman', '2018-10-08 16:04:01', '111.95.194', 'sukses'),
(75, 'hira', '2018-10-08 16:12:34', '111.95.194', 'sukses'),
(76, 'erna', '2018-10-08 16:12:45', '111.95.194', 'sukses'),
(77, 'Icha', '2018-10-08 16:26:21', '111.95.194', 'sukses'),
(78, 'nurul94', '2018-10-08 16:26:23', '111.95.194', 'sukses'),
(79, 'nurul94', '2018-10-08 16:26:28', '111.95.194', 'sukses'),
(80, 'Icha', '2018-10-09 07:26:44', '223.255.22', 'sukses'),
(81, 'hira', '2018-10-09 07:26:46', '120.188.65', 'sukses'),
(82, 'erna', '2018-10-09 07:27:41', '223.255.22', 'sukses'),
(83, 'mahsyar', '2018-10-09 07:28:02', '111.95.194', 'sukses'),
(84, 'Nurul94', '2018-10-09 07:30:49', '111.95.194', 'sukses'),
(85, 'nurul94', '2018-10-09 15:37:25', '111.95.194', 'sukses'),
(86, 'nurul94', '2018-10-09 15:37:32', '111.95.194', 'sukses'),
(87, 'nurul94', '2018-10-09 15:37:38', '111.95.194', 'sukses'),
(88, 'nurul94', '2018-10-09 15:37:41', '111.95.194', 'sukses'),
(89, 'nurul94', '2018-10-09 15:37:44', '111.95.194', 'sukses'),
(90, 'nurul94', '2018-10-09 15:37:53', '111.95.194', 'sukses'),
(91, 'hira', '2018-10-09 15:40:01', '111.95.194', 'sukses'),
(92, 'erna', '2018-10-09 15:40:59', '111.95.194', 'sukses'),
(93, 'icha', '2018-10-09 15:41:10', '111.95.194', 'sukses'),
(94, 'mahsyar', '2018-10-09 15:41:30', '111.95.194', 'sukses'),
(95, 'Icha', '2018-10-10 07:23:44', '111.95.194', 'sukses'),
(96, 'erna', '2018-10-10 07:24:19', '111.95.194', 'sukses'),
(97, 'mahsyar', '2018-10-10 07:27:31', '111.95.194', 'sukses'),
(98, 'hira', '2018-10-10 07:28:22', '111.95.194', 'sukses'),
(99, 'nurul94', '2018-10-10 07:28:53', '111.95.194', 'sukses'),
(100, 'nurul94', '2018-10-10 07:28:56', '111.95.194', 'sukses'),
(101, 'mahsyar', '2018-10-10 16:01:29', '111.95.194', 'sukses'),
(102, 'nurul94', '2018-10-10 16:01:52', '111.95.194', 'sukses'),
(103, 'nurul94', '2018-10-10 16:01:59', '111.95.194', 'sukses'),
(104, 'nurul94', '2018-10-10 16:02:03', '111.95.194', 'sukses'),
(105, 'Icha', '2018-10-10 16:02:07', '111.95.194', 'sukses'),
(106, 'hira', '2018-10-10 16:02:16', '111.95.194', 'sukses'),
(107, 'erna', '2018-10-10 16:02:47', '111.95.194', 'sukses'),
(108, 'Icha', '2018-10-11 07:24:54', '111.95.194', 'sukses'),
(109, 'Erna', '2018-10-11 07:27:58', '111.95.194', 'sukses'),
(110, 'Mahsyar', '2018-10-11 07:28:22', '111.95.194', 'sukses'),
(111, 'hira', '2018-10-11 07:28:55', '111.95.194', 'sukses'),
(112, 'nurul94', '2018-10-11 07:29:16', '111.95.194', 'sukses'),
(113, 'nurul94', '2018-10-11 07:29:20', '111.95.194', 'sukses'),
(114, 'hira', '2018-10-11 16:04:31', '111.95.194', 'sukses'),
(115, 'hira', '2018-10-11 16:04:49', '111.95.194', 'sukses'),
(116, 'erna', '2018-10-11 16:05:50', '111.95.194', 'sukses'),
(117, 'Icha', '2018-10-11 16:21:34', '111.95.194', 'sukses'),
(118, 'nurul94', '2018-10-11 16:24:08', '111.95.194', 'sukses'),
(119, 'nurul94', '2018-10-11 16:24:13', '111.95.194', 'sukses'),
(120, 'erna', '2018-10-12 07:26:59', '111.95.86.', 'sukses'),
(121, 'Icha', '2018-10-12 07:27:24', '111.95.86.', 'sukses'),
(122, 'hira', '2018-10-12 07:28:23', '111.95.86.', 'sukses'),
(123, 'nurul94', '2018-10-12 07:29:11', '111.95.86.', 'sukses'),
(124, 'nurul94', '2018-10-12 07:29:15', '111.95.86.', 'sukses'),
(125, 'hira', '2018-10-12 16:07:19', '111.95.86.', 'sukses'),
(126, 'Erna', '2018-10-12 16:08:34', '111.95.86.', 'sukses'),
(127, 'nurul94', '2018-10-12 16:10:19', '116.206.29', 'sukses'),
(128, 'Icha', '2018-10-12 16:12:26', '111.95.86.', 'sukses'),
(129, 'Erna', '2018-10-13 07:46:25', '111.95.86.', 'sukses'),
(130, 'Icha', '2018-10-13 07:47:17', '111.95.86.', 'sukses'),
(131, 'hira', '2018-10-13 07:57:01', '114.4.79.3', 'sukses'),
(132, 'nurul94', '2018-10-13 15:04:02', '111.95.86.', 'sukses'),
(133, 'erna', '2018-10-13 15:06:38', '111.95.86.', 'sukses'),
(134, 'hira', '2018-10-13 15:19:18', '111.95.86.', 'sukses'),
(135, 'icha', '2018-10-13 15:31:56', '114.4.79.3', 'sukses'),
(136, 'Erna', '2018-10-15 07:21:02', '111.95.206', 'sukses'),
(137, 'mahsyar', '2018-10-15 07:26:09', '111.95.206', 'sukses'),
(138, 'nurul94', '2018-10-15 07:28:11', '111.95.206', 'sukses'),
(139, 'hira', '2018-10-15 07:28:14', '120.188.7.', 'sukses'),
(140, 'firman', '2018-10-15 13:16:40', '111.95.206', 'sukses'),
(141, 'firman', '2018-10-15 13:21:47', '::1', 'sukses'),
(142, 'firman', '2018-10-15 14:04:44', '111.95.206', 'sukses'),
(143, 'Mahsyar', '2018-10-15 14:19:40', '120.188.35', 'sukses'),
(144, 'mahsyar', '2018-10-15 16:03:55', '111.95.206', 'sukses'),
(145, 'nurul94', '2018-10-15 16:05:08', '111.95.206', 'sukses'),
(146, 'Erna', '2018-10-15 16:06:07', '111.95.206', 'sukses'),
(147, 'hira', '2018-10-15 16:17:57', '111.95.206', 'sukses'),
(148, 'Mahsyar', '2018-10-15 20:08:23', '114.4.214.', 'sukses'),
(149, 'Icha', '2018-10-16 07:29:02', '114.124.23', 'sukses'),
(150, 'erna', '2018-10-16 07:29:35', '114.124.23', 'sukses'),
(151, 'nurul94', '2018-10-16 07:30:14', '114.124.23', 'sukses'),
(152, 'Mahsyar', '2018-10-16 07:30:19', '114.4.79.1', 'sukses'),
(153, 'hira', '2018-10-16 07:30:31', '114.124.23', 'sukses'),
(154, 'mahsyar', '2018-10-16 07:50:05', '140.0.36.1', 'sukses'),
(155, 'erna', '2018-10-16 16:07:04', '140.0.36.1', 'sukses'),
(156, 'nurul94', '2018-10-16 16:14:51', '140.0.36.1', 'sukses'),
(157, 'nurul94', '2018-10-16 16:14:56', '140.0.36.1', 'sukses'),
(158, 'hira', '2018-10-16 16:15:12', '140.0.36.1', 'sukses'),
(159, 'hira', '2018-10-16 16:15:29', '140.0.36.1', 'sukses'),
(160, 'Mahsyar', '2018-10-16 16:15:46', '140.0.36.1', 'sukses'),
(161, 'Icha', '2018-10-16 16:21:04', '140.0.36.1', 'sukses'),
(162, 'hira', '2018-10-17 07:26:27', '114.5.147.', 'sukses'),
(163, 'Erna', '2018-10-17 07:27:20', '140.0.36.1', 'sukses'),
(164, 'nurul94', '2018-10-17 07:27:49', '140.0.36.1', 'sukses'),
(165, 'mahsyar', '2018-10-17 07:28:12', '140.0.36.1', 'sukses'),
(166, 'Icha', '2018-10-17 07:31:04', '140.0.36.1', 'sukses'),
(167, 'erna', '2018-10-17 16:04:31', '140.0.36.1', 'sukses'),
(168, 'Erna', '2018-10-17 16:04:41', '140.0.36.1', 'sukses'),
(169, 'nurul94', '2018-10-17 16:05:12', '140.0.36.1', 'sukses'),
(170, 'Icha', '2018-10-17 16:05:14', '140.0.36.1', 'sukses'),
(171, 'Erna', '2018-10-18 07:26:34', '116.206.29', 'sukses'),
(172, 'Icha', '2018-10-18 07:26:58', '116.206.29', 'sukses'),
(173, 'nurul94', '2018-10-18 07:30:26', '103.10.66.', 'sukses'),
(174, 'nurul94', '2018-10-18 07:30:31', '103.10.66.', 'sukses'),
(175, 'mahsyar', '2018-10-18 07:30:32', '114.5.147.', 'sukses'),
(176, 'firman', '2018-10-18 08:31:27', '140.0.36.1', 'sukses'),
(177, 'firman', '2018-10-18 08:36:19', '140.0.36.1', 'sukses'),
(178, 'hira', '2018-10-18 15:59:06', '140.0.36.1', 'sukses'),
(179, 'mahsyar', '2018-10-18 16:01:51', '140.0.36.1', 'sukses'),
(180, 'Erna', '2018-10-18 16:04:10', '116.206.29', 'sukses'),
(181, 'Icha', '2018-10-18 16:06:03', '114.124.14', 'sukses'),
(182, 'nurul94', '2018-10-18 16:06:06', '116.206.29', 'sukses'),
(183, 'nurul94', '2018-10-19 07:26:28', '140.0.36.1', 'sukses'),
(184, 'Erna', '2018-10-19 07:27:01', '223.255.23', 'sukses'),
(185, 'Mahsyar', '2018-10-19 07:28:41', '140.0.36.1', 'sukses'),
(186, 'hira', '2018-10-19 07:29:40', '120.188.65', 'sukses'),
(187, 'erna', '2018-10-19 16:06:04', '140.0.36.1', 'sukses'),
(188, 'nurul94', '2018-10-19 16:08:00', '140.0.36.1', 'sukses'),
(189, 'nurul94', '2018-10-19 16:08:06', '140.0.36.1', 'sukses'),
(190, 'mahsyar', '2018-10-19 16:08:25', '140.0.36.1', 'sukses'),
(191, 'mahsyar', '2018-10-20 07:42:12', '111.95.204', 'sukses'),
(192, 'hira', '2018-10-20 07:57:52', '111.95.204', 'sukses'),
(193, 'icha', '2018-10-20 07:58:02', '111.95.204', 'sukses'),
(194, 'hira', '2018-10-20 15:01:56', '111.95.204', 'sukses'),
(195, 'mahsyar', '2018-10-20 15:02:48', '111.95.204', 'sukses'),
(196, 'Erna', '2018-10-22 07:27:33', '116.206.29', 'sukses'),
(197, 'Icha', '2018-10-22 07:27:43', '114.124.24', 'sukses'),
(198, 'hira', '2018-10-22 07:27:59', '120.188.66', 'sukses'),
(199, 'nurul94', '2018-10-22 07:29:52', '139.193.26', 'sukses'),
(200, 'Erna', '2018-10-22 16:06:36', '139.193.26', 'sukses'),
(201, 'nurul94', '2018-10-22 16:07:46', '139.193.26', 'sukses'),
(202, 'Icha', '2018-10-22 16:08:06', '114.124.23', 'sukses'),
(203, 'hira', '2018-10-22 16:08:14', '139.193.26', 'sukses'),
(204, 'Erna', '2018-10-23 07:24:13', '116.206.29', 'sukses'),
(205, 'Mahsyar', '2018-10-23 07:25:36', '114.4.215.', 'sukses'),
(206, 'Icha', '2018-10-23 07:27:28', '114.124.21', 'sukses'),
(207, 'nurul94', '2018-10-23 07:27:32', '111.95.195', 'sukses'),
(208, 'hira', '2018-10-23 07:28:20', '111.95.195', 'sukses'),
(209, 'mahsyar', '2018-10-23 16:00:20', '111.95.195', 'sukses'),
(210, 'Erna', '2018-10-23 16:01:44', '111.95.195', 'sukses'),
(211, 'Icha', '2018-10-23 16:02:17', '111.95.195', 'sukses'),
(212, 'hira', '2018-10-23 16:02:52', '111.95.195', 'sukses'),
(213, 'nurul94', '2018-10-23 16:06:01', '116.206.29', 'sukses'),
(214, 'Erna', '2018-10-24 07:25:02', '116.206.29', 'sukses'),
(215, 'Nurul94', '2018-10-24 07:26:04', '116.206.29', 'sukses'),
(216, 'Mahsyar', '2018-10-24 07:26:12', '114.4.79.1', 'sukses'),
(217, 'hira', '2018-10-24 07:27:15', '114.4.82.6', 'sukses'),
(218, 'Icha', '2018-10-24 07:30:34', '114.124.21', 'sukses'),
(219, 'Icha', '2018-10-24 07:30:45', '139.193.24', 'sukses'),
(220, 'erna', '2018-10-24 16:11:55', '139.193.24', 'sukses'),
(221, 'Icha', '2018-10-24 16:14:13', '139.193.24', 'sukses'),
(222, 'nurul94', '2018-10-24 16:14:33', '139.193.24', 'sukses'),
(223, 'hira', '2018-10-24 16:16:18', '139.193.24', 'sukses'),
(224, 'nurul94', '2018-10-25 07:24:51', '139.193.24', 'sukses'),
(225, 'Erna', '2018-10-25 07:27:19', '116.206.29', 'sukses'),
(226, 'Icha', '2018-10-25 07:27:42', '114.124.17', 'sukses'),
(227, 'hira', '2018-10-25 07:28:20', '120.188.36', 'sukses'),
(228, 'hira', '2018-10-25 16:01:11', '139.193.24', 'sukses'),
(229, 'Icha', '2018-10-25 16:01:21', '114.124.17', 'sukses'),
(230, 'nurul94', '2018-10-25 16:01:22', '139.193.24', 'sukses'),
(231, 'mahsyar', '2018-10-25 16:02:35', '139.193.24', 'sukses'),
(232, 'erna', '2018-10-25 16:02:44', '114.124.17', 'sukses'),
(233, 'Icha', '2018-10-26 07:25:41', '111.95.195', 'sukses'),
(234, 'Erna', '2018-10-26 07:26:35', '111.95.195', 'sukses'),
(235, 'nurul94', '2018-10-26 07:29:30', '111.95.195', 'sukses'),
(236, 'hira', '2018-10-26 07:29:31', '111.95.195', 'sukses'),
(237, 'Mahsyar', '2018-10-26 07:30:11', '114.5.144.', 'sukses'),
(238, 'Erna', '2018-10-26 16:11:57', '111.95.195', 'sukses'),
(239, 'nurul94', '2018-10-26 16:23:08', '111.95.195', 'sukses'),
(240, 'mahsyar', '2018-10-26 16:52:38', '111.95.195', 'sukses'),
(241, 'mahsyar', '2018-10-27 07:36:59', '111.95.206', 'sukses'),
(242, 'Erna', '2018-10-27 07:45:39', '111.95.206', 'sukses'),
(243, 'nurul94', '2018-10-27 07:57:00', '116.206.29', 'sukses'),
(244, 'Erna', '2018-10-27 15:04:57', '111.95.206', 'sukses'),
(245, 'nurul94', '2018-10-27 15:05:15', '223.255.22', 'sukses'),
(246, 'Erna', '2018-10-29 07:27:42', '103.10.66.', 'sukses'),
(247, 'hira', '2018-10-29 07:29:48', '139.193.24', 'sukses'),
(248, 'mahsyar', '2018-10-29 07:30:03', '120.188.95', 'sukses'),
(249, 'Icha', '2018-10-29 07:33:01', '139.193.24', 'sukses'),
(250, 'nurul94', '2018-10-29 15:39:46', '139.193.24', 'sukses'),
(251, 'nurul94', '2018-10-29 15:40:02', '139.193.24', 'sukses'),
(252, 'firman', '2018-10-29 15:46:11', '139.193.24', 'sukses'),
(253, 'mahsyar', '2018-10-29 16:02:35', '139.193.24', 'sukses'),
(254, 'Erna', '2018-10-29 16:03:47', '139.193.24', 'sukses'),
(255, 'hira', '2018-10-29 16:15:25', '139.193.24', 'sukses'),
(256, 'Icha', '2018-10-29 16:17:12', '139.193.24', 'sukses'),
(257, 'Icha', '2018-10-29 16:17:21', '139.193.24', 'sukses'),
(258, 'nurul94', '2018-10-29 16:33:54', '139.193.24', 'sukses'),
(259, 'nurul94', '2018-10-29 16:33:58', '139.193.24', 'sukses'),
(260, 'Icha', '2018-10-30 07:22:28', '114.124.23', 'sukses'),
(261, 'Erna', '2018-10-30 07:26:06', '116.206.29', 'sukses'),
(262, 'nurul94', '2018-10-30 07:27:31', '111.95.204', 'sukses'),
(263, 'hira', '2018-10-30 07:29:23', '111.95.204', 'sukses'),
(264, 'hira', '2018-10-30 07:29:38', '111.95.204', 'sukses'),
(265, 'Mahsyar', '2018-10-30 07:31:15', '111.95.204', 'sukses'),
(266, 'firman', '2018-10-30 15:00:54', '111.95.204', 'sukses');

-- --------------------------------------------------------

--
-- Table structure for table `login`
--

CREATE TABLE `login` (
  `id_karyawan` varchar(10) NOT NULL,
  `password` varchar(255) NOT NULL,
  `level` int(11) NOT NULL
) ENGINE=InnoDB DEFAULT CHARSET=latin1;

--
-- Dumping data for table `login`
--

INSERT INTO `login` (`id_karyawan`, `password`, `level`) VALUES
('erna', '1234', 1),
('firman', 'sancu2009', 2),
('hira', '0304', 1),
('icha', '3108', 1),
('mahsyar', 'sancu2009', 1),
('nurul94', 'nh26', 1);

--
-- Indexes for dumped tables
--

--
-- Indexes for table `absen`
--
ALTER TABLE `absen`
  ADD PRIMARY KEY (`id_absen`),
  ADD KEY `id_karyawan` (`id_karyawan`);

--
-- Indexes for table `karyawan`
--
ALTER TABLE `karyawan`
  ADD PRIMARY KEY (`id_karyawan`);

--
-- Indexes for table `log`
--
ALTER TABLE `log`
  ADD PRIMARY KEY (`id_log`);

--
-- Indexes for table `login`
--
ALTER TABLE `login`
  ADD PRIMARY KEY (`id_karyawan`);

--
-- AUTO_INCREMENT for dumped tables
--

--
-- AUTO_INCREMENT for table `absen`
--
ALTER TABLE `absen`
  MODIFY `id_absen` int(11) NOT NULL AUTO_INCREMENT, AUTO_INCREMENT=313;

--
-- AUTO_INCREMENT for table `log`
--
ALTER TABLE `log`
  MODIFY `id_log` int(11) NOT NULL AUTO_INCREMENT, AUTO_INCREMENT=267;

--
-- Constraints for dumped tables
--

--
-- Constraints for table `absen`
--
ALTER TABLE `absen`
  ADD CONSTRAINT `absen_ibfk_1` FOREIGN KEY (`id_karyawan`) REFERENCES `karyawan` (`id_karyawan`);

--
-- Constraints for table `login`
--
ALTER TABLE `login`
  ADD CONSTRAINT `login_ibfk_1` FOREIGN KEY (`id_karyawan`) REFERENCES `karyawan` (`id_karyawan`);
COMMIT;

/*!40101 SET CHARACTER_SET_CLIENT=@OLD_CHARACTER_SET_CLIENT */;
/*!40101 SET CHARACTER_SET_RESULTS=@OLD_CHARACTER_SET_RESULTS */;
/*!40101 SET COLLATION_CONNECTION=@OLD_COLLATION_CONNECTION */;
